PE,0,1,2,3,4,5,6,7,8,9,10,11,12,13,14,15,16,17,18,19,20,21,22,23,24,25,26,27,28,29,30,31,32,33,34,35,36,37,38,39,40,41,42,43,44,45,46,47,48,49,50,51,52,53,54,55,56,57,58,59,60,61,62,63,64,65,66,67,68,69,70,71,72,73,74,75,76,77,78,79,80,81,82,83,84,85,86,87,88,89,90,91,92,93,94,95,96,97,98,99,100,101,102,103,104,105,106,107,108,109,110,111,112,113,114,115,116,117,118,119,120,121,122,123,124,125,126,127,
(0- 0),54,54,54,54,54,54,54,54,54,54,54,54,54,54,54,54,44,44,44,44,44,44,44,44,44,44,44,44,44,44,44,44,36,36,36,36,36,36,36,36,36,36,36,36,36,36,36,36,33,33,33,33,33,33,33,33,33,33,33,33,33,33,33,33,54,54,54,54,54,54,54,54,54,54,54,54,54,54,54,54,44,44,44,44,44,44,44,44,44,44,44,44,44,44,44,44,36,36,36,36,36,36,36,36,36,36,36,36,36,36,36,36,33,33,33,33,33,33,33,33,33,33,33,33,33,33,33,33,
(0- 1),46,46,46,46,46,46,46,46,46,46,46,46,46,46,46,46,29,29,29,29,29,29,29,29,29,29,29,29,29,29,29,29,42,42,42,42,42,42,42,42,42,42,42,42,42,42,42,42,24,24,24,24,24,24,24,24,24,24,24,24,24,24,24,24,46,46,46,46,46,46,46,46,46,46,46,46,46,46,46,46,29,29,29,29,29,29,29,29,29,29,29,29,29,29,29,29,42,42,42,42,42,42,42,42,42,42,42,42,42,42,42,42,24,24,24,24,24,24,24,24,24,24,24,24,24,24,24,24,
(0- 2),41,41,41,41,41,41,41,41,41,41,41,41,41,41,41,41,36,36,36,36,36,36,36,36,36,36,36,36,36,36,36,36,36,36,36,36,36,36,36,36,36,36,36,36,36,36,36,36,37,37,37,37,37,37,37,37,37,37,37,37,37,37,37,37,41,41,41,41,41,41,41,41,41,41,41,41,41,41,41,41,36,36,36,36,36,36,36,36,36,36,36,36,36,36,36,36,36,36,36,36,36,36,36,36,36,36,36,36,36,36,36,36,37,37,37,37,37,37,37,37,37,37,37,37,37,37,37,37,
(0- 3),44,44,44,44,44,44,44,44,44,44,44,44,44,44,44,44,42,42,42,42,42,42,42,42,42,42,42,42,42,42,42,42,43,43,43,43,43,43,43,43,43,43,43,43,43,43,43,43,45,45,45,45,45,45,45,45,45,45,45,45,45,45,45,45,44,44,44,44,44,44,44,44,44,44,44,44,44,44,44,44,42,42,42,42,42,42,42,42,42,42,42,42,42,42,42,42,43,43,43,43,43,43,43,43,43,43,43,43,43,43,43,43,45,45,45,45,45,45,45,45,45,45,45,45,45,45,45,45,
(0- 4),46,46,46,46,46,46,46,46,46,46,46,46,46,46,46,46,42,42,42,42,42,42,42,42,42,42,42,42,42,42,42,42,44,44,44,44,44,44,44,44,44,44,44,44,44,44,44,44,49,49,49,49,49,49,49,49,49,49,49,49,49,49,49,49,46,46,46,46,46,46,46,46,46,46,46,46,46,46,46,46,42,42,42,42,42,42,42,42,42,42,42,42,42,42,42,42,44,44,44,44,44,44,44,44,44,44,44,44,44,44,44,44,49,49,49,49,49,49,49,49,49,49,49,49,49,49,49,49,
(0- 5),40,40,40,40,40,40,40,40,40,40,40,40,40,40,40,40,37,37,37,37,37,37,37,37,37,37,37,37,37,37,37,37,39,39,39,39,39,39,39,39,39,39,39,39,39,39,39,39,41,41,41,41,41,41,41,41,41,41,41,41,41,41,41,41,40,40,40,40,40,40,40,40,40,40,40,40,40,40,40,40,37,37,37,37,37,37,37,37,37,37,37,37,37,37,37,37,39,39,39,39,39,39,39,39,39,39,39,39,39,39,39,39,41,41,41,41,41,41,41,41,41,41,41,41,41,41,41,41,
(0- 6),31,31,31,31,31,31,31,31,31,31,31,31,31,31,31,31,43,43,43,43,43,43,43,43,43,43,43,43,43,43,43,43,31,31,31,31,31,31,31,31,31,31,31,31,31,31,31,31,33,33,33,33,33,33,33,33,33,33,33,33,33,33,33,33,31,31,31,31,31,31,31,31,31,31,31,31,31,31,31,31,43,43,43,43,43,43,43,43,43,43,43,43,43,43,43,43,31,31,31,31,31,31,31,31,31,31,31,31,31,31,31,31,33,33,33,33,33,33,33,33,33,33,33,33,33,33,33,33,
(0- 7),38,38,38,38,38,38,38,38,38,38,38,38,38,38,38,38,50,50,50,50,50,50,50,50,50,50,50,50,50,50,50,50,35,35,35,35,35,35,35,35,35,35,35,35,35,35,35,35,49,49,49,49,49,49,49,49,49,49,49,49,49,49,49,49,38,38,38,38,38,38,38,38,38,38,38,38,38,38,38,38,50,50,50,50,50,50,50,50,50,50,50,50,50,50,50,50,35,35,35,35,35,35,35,35,35,35,35,35,35,35,35,35,49,49,49,49,49,49,49,49,49,49,49,49,49,49,49,49,
(1- 0),54,54,54,54,54,54,54,54,54,54,54,54,54,54,54,54,44,44,44,44,44,44,44,44,44,44,44,44,44,44,44,44,36,36,36,36,36,36,36,36,36,36,36,36,36,36,36,36,33,33,33,33,33,33,33,33,33,33,33,33,33,33,33,33,54,54,54,54,54,54,54,54,54,54,54,54,54,54,54,54,44,44,44,44,44,44,44,44,44,44,44,44,44,44,44,44,36,36,36,36,36,36,36,36,36,36,36,36,36,36,36,36,33,33,33,33,33,33,33,33,33,33,33,33,33,33,33,33,
(1- 1),46,46,46,46,46,46,46,46,46,46,46,46,46,46,46,46,29,29,29,29,29,29,29,29,29,29,29,29,29,29,29,29,42,42,42,42,42,42,42,42,42,42,42,42,42,42,42,42,24,24,24,24,24,24,24,24,24,24,24,24,24,24,24,24,46,46,46,46,46,46,46,46,46,46,46,46,46,46,46,46,29,29,29,29,29,29,29,29,29,29,29,29,29,29,29,29,42,42,42,42,42,42,42,42,42,42,42,42,42,42,42,42,24,24,24,24,24,24,24,24,24,24,24,24,24,24,24,24,
(1- 2),41,41,41,41,41,41,41,41,41,41,41,41,41,41,41,41,36,36,36,36,36,36,36,36,36,36,36,36,36,36,36,36,36,36,36,36,36,36,36,36,36,36,36,36,36,36,36,36,37,37,37,37,37,37,37,37,37,37,37,37,37,37,37,37,41,41,41,41,41,41,41,41,41,41,41,41,41,41,41,41,36,36,36,36,36,36,36,36,36,36,36,36,36,36,36,36,36,36,36,36,36,36,36,36,36,36,36,36,36,36,36,36,37,37,37,37,37,37,37,37,37,37,37,37,37,37,37,37,
(1- 3),44,44,44,44,44,44,44,44,44,44,44,44,44,44,44,44,42,42,42,42,42,42,42,42,42,42,42,42,42,42,42,42,43,43,43,43,43,43,43,43,43,43,43,43,43,43,43,43,45,45,45,45,45,45,45,45,45,45,45,45,45,45,45,45,44,44,44,44,44,44,44,44,44,44,44,44,44,44,44,44,42,42,42,42,42,42,42,42,42,42,42,42,42,42,42,42,43,43,43,43,43,43,43,43,43,43,43,43,43,43,43,43,45,45,45,45,45,45,45,45,45,45,45,45,45,45,45,45,
(1- 4),46,46,46,46,46,46,46,46,46,46,46,46,46,46,46,46,42,42,42,42,42,42,42,42,42,42,42,42,42,42,42,42,44,44,44,44,44,44,44,44,44,44,44,44,44,44,44,44,49,49,49,49,49,49,49,49,49,49,49,49,49,49,49,49,46,46,46,46,46,46,46,46,46,46,46,46,46,46,46,46,42,42,42,42,42,42,42,42,42,42,42,42,42,42,42,42,44,44,44,44,44,44,44,44,44,44,44,44,44,44,44,44,49,49,49,49,49,49,49,49,49,49,49,49,49,49,49,49,
(1- 5),40,40,40,40,40,40,40,40,40,40,40,40,40,40,40,40,37,37,37,37,37,37,37,37,37,37,37,37,37,37,37,37,39,39,39,39,39,39,39,39,39,39,39,39,39,39,39,39,41,41,41,41,41,41,41,41,41,41,41,41,41,41,41,41,40,40,40,40,40,40,40,40,40,40,40,40,40,40,40,40,37,37,37,37,37,37,37,37,37,37,37,37,37,37,37,37,39,39,39,39,39,39,39,39,39,39,39,39,39,39,39,39,41,41,41,41,41,41,41,41,41,41,41,41,41,41,41,41,
(1- 6),31,31,31,31,31,31,31,31,31,31,31,31,31,31,31,31,43,43,43,43,43,43,43,43,43,43,43,43,43,43,43,43,31,31,31,31,31,31,31,31,31,31,31,31,31,31,31,31,33,33,33,33,33,33,33,33,33,33,33,33,33,33,33,33,31,31,31,31,31,31,31,31,31,31,31,31,31,31,31,31,43,43,43,43,43,43,43,43,43,43,43,43,43,43,43,43,31,31,31,31,31,31,31,31,31,31,31,31,31,31,31,31,33,33,33,33,33,33,33,33,33,33,33,33,33,33,33,33,
(1- 7),38,38,38,38,38,38,38,38,38,38,38,38,38,38,38,38,50,50,50,50,50,50,50,50,50,50,50,50,50,50,50,50,35,35,35,35,35,35,35,35,35,35,35,35,35,35,35,35,49,49,49,49,49,49,49,49,49,49,49,49,49,49,49,49,38,38,38,38,38,38,38,38,38,38,38,38,38,38,38,38,50,50,50,50,50,50,50,50,50,50,50,50,50,50,50,50,35,35,35,35,35,35,35,35,35,35,35,35,35,35,35,35,49,49,49,49,49,49,49,49,49,49,49,49,49,49,49,49,
(2- 0),54,54,54,54,54,54,54,54,54,54,54,54,54,54,54,54,44,44,44,44,44,44,44,44,44,44,44,44,44,44,44,44,36,36,36,36,36,36,36,36,36,36,36,36,36,36,36,36,33,33,33,33,33,33,33,33,33,33,33,33,33,33,33,33,54,54,54,54,54,54,54,54,54,54,54,54,54,54,54,54,44,44,44,44,44,44,44,44,44,44,44,44,44,44,44,44,36,36,36,36,36,36,36,36,36,36,36,36,36,36,36,36,33,33,33,33,33,33,33,33,33,33,33,33,33,33,33,33,
(2- 1),46,46,46,46,46,46,46,46,46,46,46,46,46,46,46,46,29,29,29,29,29,29,29,29,29,29,29,29,29,29,29,29,42,42,42,42,42,42,42,42,42,42,42,42,42,42,42,42,24,24,24,24,24,24,24,24,24,24,24,24,24,24,24,24,46,46,46,46,46,46,46,46,46,46,46,46,46,46,46,46,29,29,29,29,29,29,29,29,29,29,29,29,29,29,29,29,42,42,42,42,42,42,42,42,42,42,42,42,42,42,42,42,24,24,24,24,24,24,24,24,24,24,24,24,24,24,24,24,
(2- 2),41,41,41,41,41,41,41,41,41,41,41,41,41,41,41,41,36,36,36,36,36,36,36,36,36,36,36,36,36,36,36,36,36,36,36,36,36,36,36,36,36,36,36,36,36,36,36,36,37,37,37,37,37,37,37,37,37,37,37,37,37,37,37,37,41,41,41,41,41,41,41,41,41,41,41,41,41,41,41,41,36,36,36,36,36,36,36,36,36,36,36,36,36,36,36,36,36,36,36,36,36,36,36,36,36,36,36,36,36,36,36,36,37,37,37,37,37,37,37,37,37,37,37,37,37,37,37,37,
(2- 3),44,44,44,44,44,44,44,44,44,44,44,44,44,44,44,44,42,42,42,42,42,42,42,42,42,42,42,42,42,42,42,42,43,43,43,43,43,43,43,43,43,43,43,43,43,43,43,43,45,45,45,45,45,45,45,45,45,45,45,45,45,45,45,45,44,44,44,44,44,44,44,44,44,44,44,44,44,44,44,44,42,42,42,42,42,42,42,42,42,42,42,42,42,42,42,42,43,43,43,43,43,43,43,43,43,43,43,43,43,43,43,43,45,45,45,45,45,45,45,45,45,45,45,45,45,45,45,45,
(2- 4),46,46,46,46,46,46,46,46,46,46,46,46,46,46,46,46,42,42,42,42,42,42,42,42,42,42,42,42,42,42,42,42,44,44,44,44,44,44,44,44,44,44,44,44,44,44,44,44,49,49,49,49,49,49,49,49,49,49,49,49,49,49,49,49,46,46,46,46,46,46,46,46,46,46,46,46,46,46,46,46,42,42,42,42,42,42,42,42,42,42,42,42,42,42,42,42,44,44,44,44,44,44,44,44,44,44,44,44,44,44,44,44,49,49,49,49,49,49,49,49,49,49,49,49,49,49,49,49,
(2- 5),40,40,40,40,40,40,40,40,40,40,40,40,40,40,40,40,37,37,37,37,37,37,37,37,37,37,37,37,37,37,37,37,39,39,39,39,39,39,39,39,39,39,39,39,39,39,39,39,41,41,41,41,41,41,41,41,41,41,41,41,41,41,41,41,40,40,40,40,40,40,40,40,40,40,40,40,40,40,40,40,37,37,37,37,37,37,37,37,37,37,37,37,37,37,37,37,39,39,39,39,39,39,39,39,39,39,39,39,39,39,39,39,41,41,41,41,41,41,41,41,41,41,41,41,41,41,41,41,
(2- 6),31,31,31,31,31,31,31,31,31,31,31,31,31,31,31,31,43,43,43,43,43,43,43,43,43,43,43,43,43,43,43,43,31,31,31,31,31,31,31,31,31,31,31,31,31,31,31,31,33,33,33,33,33,33,33,33,33,33,33,33,33,33,33,33,31,31,31,31,31,31,31,31,31,31,31,31,31,31,31,31,43,43,43,43,43,43,43,43,43,43,43,43,43,43,43,43,31,31,31,31,31,31,31,31,31,31,31,31,31,31,31,31,33,33,33,33,33,33,33,33,33,33,33,33,33,33,33,33,
(2- 7),38,38,38,38,38,38,38,38,38,38,38,38,38,38,38,38,50,50,50,50,50,50,50,50,50,50,50,50,50,50,50,50,35,35,35,35,35,35,35,35,35,35,35,35,35,35,35,35,49,49,49,49,49,49,49,49,49,49,49,49,49,49,49,49,38,38,38,38,38,38,38,38,38,38,38,38,38,38,38,38,50,50,50,50,50,50,50,50,50,50,50,50,50,50,50,50,35,35,35,35,35,35,35,35,35,35,35,35,35,35,35,35,49,49,49,49,49,49,49,49,49,49,49,49,49,49,49,49,
(3- 0),54,54,54,54,54,54,54,54,54,54,54,54,54,54,54,54,44,44,44,44,44,44,44,44,44,44,44,44,44,44,44,44,36,36,36,36,36,36,36,36,36,36,36,36,36,36,36,36,33,33,33,33,33,33,33,33,33,33,33,33,33,33,33,33,54,54,54,54,54,54,54,54,54,54,54,54,54,54,54,54,44,44,44,44,44,44,44,44,44,44,44,44,44,44,44,44,36,36,36,36,36,36,36,36,36,36,36,36,36,36,36,36,33,33,33,33,33,33,33,33,33,33,33,33,33,33,33,33,
(3- 1),46,46,46,46,46,46,46,46,46,46,46,46,46,46,46,46,29,29,29,29,29,29,29,29,29,29,29,29,29,29,29,29,42,42,42,42,42,42,42,42,42,42,42,42,42,42,42,42,24,24,24,24,24,24,24,24,24,24,24,24,24,24,24,24,46,46,46,46,46,46,46,46,46,46,46,46,46,46,46,46,29,29,29,29,29,29,29,29,29,29,29,29,29,29,29,29,42,42,42,42,42,42,42,42,42,42,42,42,42,42,42,42,24,24,24,24,24,24,24,24,24,24,24,24,24,24,24,24,
(3- 2),41,41,41,41,41,41,41,41,41,41,41,41,41,41,41,41,36,36,36,36,36,36,36,36,36,36,36,36,36,36,36,36,36,36,36,36,36,36,36,36,36,36,36,36,36,36,36,36,37,37,37,37,37,37,37,37,37,37,37,37,37,37,37,37,41,41,41,41,41,41,41,41,41,41,41,41,41,41,41,41,36,36,36,36,36,36,36,36,36,36,36,36,36,36,36,36,36,36,36,36,36,36,36,36,36,36,36,36,36,36,36,36,37,37,37,37,37,37,37,37,37,37,37,37,37,37,37,37,
(3- 3),44,44,44,44,44,44,44,44,44,44,44,44,44,44,44,44,42,42,42,42,42,42,42,42,42,42,42,42,42,42,42,42,43,43,43,43,43,43,43,43,43,43,43,43,43,43,43,43,45,45,45,45,45,45,45,45,45,45,45,45,45,45,45,45,44,44,44,44,44,44,44,44,44,44,44,44,44,44,44,44,42,42,42,42,42,42,42,42,42,42,42,42,42,42,42,42,43,43,43,43,43,43,43,43,43,43,43,43,43,43,43,43,45,45,45,45,45,45,45,45,45,45,45,45,45,45,45,45,
(3- 4),46,46,46,46,46,46,46,46,46,46,46,46,46,46,46,46,42,42,42,42,42,42,42,42,42,42,42,42,42,42,42,42,44,44,44,44,44,44,44,44,44,44,44,44,44,44,44,44,49,49,49,49,49,49,49,49,49,49,49,49,49,49,49,49,46,46,46,46,46,46,46,46,46,46,46,46,46,46,46,46,42,42,42,42,42,42,42,42,42,42,42,42,42,42,42,42,44,44,44,44,44,44,44,44,44,44,44,44,44,44,44,44,49,49,49,49,49,49,49,49,49,49,49,49,49,49,49,49,
(3- 5),40,40,40,40,40,40,40,40,40,40,40,40,40,40,40,40,37,37,37,37,37,37,37,37,37,37,37,37,37,37,37,37,39,39,39,39,39,39,39,39,39,39,39,39,39,39,39,39,41,41,41,41,41,41,41,41,41,41,41,41,41,41,41,41,40,40,40,40,40,40,40,40,40,40,40,40,40,40,40,40,37,37,37,37,37,37,37,37,37,37,37,37,37,37,37,37,39,39,39,39,39,39,39,39,39,39,39,39,39,39,39,39,41,41,41,41,41,41,41,41,41,41,41,41,41,41,41,41,
(3- 6),31,31,31,31,31,31,31,31,31,31,31,31,31,31,31,31,43,43,43,43,43,43,43,43,43,43,43,43,43,43,43,43,31,31,31,31,31,31,31,31,31,31,31,31,31,31,31,31,33,33,33,33,33,33,33,33,33,33,33,33,33,33,33,33,31,31,31,31,31,31,31,31,31,31,31,31,31,31,31,31,43,43,43,43,43,43,43,43,43,43,43,43,43,43,43,43,31,31,31,31,31,31,31,31,31,31,31,31,31,31,31,31,33,33,33,33,33,33,33,33,33,33,33,33,33,33,33,33,
(3- 7),38,38,38,38,38,38,38,38,38,38,38,38,38,38,38,38,50,50,50,50,50,50,50,50,50,50,50,50,50,50,50,50,35,35,35,35,35,35,35,35,35,35,35,35,35,35,35,35,49,49,49,49,49,49,49,49,49,49,49,49,49,49,49,49,38,38,38,38,38,38,38,38,38,38,38,38,38,38,38,38,50,50,50,50,50,50,50,50,50,50,50,50,50,50,50,50,35,35,35,35,35,35,35,35,35,35,35,35,35,35,35,35,49,49,49,49,49,49,49,49,49,49,49,49,49,49,49,49,
(4- 0),54,54,54,54,54,54,54,54,54,54,54,54,54,54,54,54,44,44,44,44,44,44,44,44,44,44,44,44,44,44,44,44,36,36,36,36,36,36,36,36,36,36,36,36,36,36,36,36,33,33,33,33,33,33,33,33,33,33,33,33,33,33,33,33,54,54,54,54,54,54,54,54,54,54,54,54,54,54,54,54,44,44,44,44,44,44,44,44,44,44,44,44,44,44,44,44,36,36,36,36,36,36,36,36,36,36,36,36,36,36,36,36,33,33,33,33,33,33,33,33,33,33,33,33,33,33,33,33,
(4- 1),46,46,46,46,46,46,46,46,46,46,46,46,46,46,46,46,29,29,29,29,29,29,29,29,29,29,29,29,29,29,29,29,42,42,42,42,42,42,42,42,42,42,42,42,42,42,42,42,24,24,24,24,24,24,24,24,24,24,24,24,24,24,24,24,46,46,46,46,46,46,46,46,46,46,46,46,46,46,46,46,29,29,29,29,29,29,29,29,29,29,29,29,29,29,29,29,42,42,42,42,42,42,42,42,42,42,42,42,42,42,42,42,24,24,24,24,24,24,24,24,24,24,24,24,24,24,24,24,
(4- 2),41,41,41,41,41,41,41,41,41,41,41,41,41,41,41,41,36,36,36,36,36,36,36,36,36,36,36,36,36,36,36,36,36,36,36,36,36,36,36,36,36,36,36,36,36,36,36,36,37,37,37,37,37,37,37,37,37,37,37,37,37,37,37,37,41,41,41,41,41,41,41,41,41,41,41,41,41,41,41,41,36,36,36,36,36,36,36,36,36,36,36,36,36,36,36,36,36,36,36,36,36,36,36,36,36,36,36,36,36,36,36,36,37,37,37,37,37,37,37,37,37,37,37,37,37,37,37,37,
(4- 3),44,44,44,44,44,44,44,44,44,44,44,44,44,44,44,44,42,42,42,42,42,42,42,42,42,42,42,42,42,42,42,42,43,43,43,43,43,43,43,43,43,43,43,43,43,43,43,43,45,45,45,45,45,45,45,45,45,45,45,45,45,45,45,45,44,44,44,44,44,44,44,44,44,44,44,44,44,44,44,44,42,42,42,42,42,42,42,42,42,42,42,42,42,42,42,42,43,43,43,43,43,43,43,43,43,43,43,43,43,43,43,43,45,45,45,45,45,45,45,45,45,45,45,45,45,45,45,45,
(4- 4),46,46,46,46,46,46,46,46,46,46,46,46,46,46,46,46,42,42,42,42,42,42,42,42,42,42,42,42,42,42,42,42,44,44,44,44,44,44,44,44,44,44,44,44,44,44,44,44,49,49,49,49,49,49,49,49,49,49,49,49,49,49,49,49,46,46,46,46,46,46,46,46,46,46,46,46,46,46,46,46,42,42,42,42,42,42,42,42,42,42,42,42,42,42,42,42,44,44,44,44,44,44,44,44,44,44,44,44,44,44,44,44,49,49,49,49,49,49,49,49,49,49,49,49,49,49,49,49,
(4- 5),40,40,40,40,40,40,40,40,40,40,40,40,40,40,40,40,37,37,37,37,37,37,37,37,37,37,37,37,37,37,37,37,39,39,39,39,39,39,39,39,39,39,39,39,39,39,39,39,41,41,41,41,41,41,41,41,41,41,41,41,41,41,41,41,40,40,40,40,40,40,40,40,40,40,40,40,40,40,40,40,37,37,37,37,37,37,37,37,37,37,37,37,37,37,37,37,39,39,39,39,39,39,39,39,39,39,39,39,39,39,39,39,41,41,41,41,41,41,41,41,41,41,41,41,41,41,41,41,
(4- 6),31,31,31,31,31,31,31,31,31,31,31,31,31,31,31,31,43,43,43,43,43,43,43,43,43,43,43,43,43,43,43,43,31,31,31,31,31,31,31,31,31,31,31,31,31,31,31,31,33,33,33,33,33,33,33,33,33,33,33,33,33,33,33,33,31,31,31,31,31,31,31,31,31,31,31,31,31,31,31,31,43,43,43,43,43,43,43,43,43,43,43,43,43,43,43,43,31,31,31,31,31,31,31,31,31,31,31,31,31,31,31,31,33,33,33,33,33,33,33,33,33,33,33,33,33,33,33,33,
(4- 7),38,38,38,38,38,38,38,38,38,38,38,38,38,38,38,38,50,50,50,50,50,50,50,50,50,50,50,50,50,50,50,50,35,35,35,35,35,35,35,35,35,35,35,35,35,35,35,35,49,49,49,49,49,49,49,49,49,49,49,49,49,49,49,49,38,38,38,38,38,38,38,38,38,38,38,38,38,38,38,38,50,50,50,50,50,50,50,50,50,50,50,50,50,50,50,50,35,35,35,35,35,35,35,35,35,35,35,35,35,35,35,35,49,49,49,49,49,49,49,49,49,49,49,49,49,49,49,49,
(5- 0),54,54,54,54,54,54,54,54,54,54,54,54,54,54,54,54,44,44,44,44,44,44,44,44,44,44,44,44,44,44,44,44,36,36,36,36,36,36,36,36,36,36,36,36,36,36,36,36,33,33,33,33,33,33,33,33,33,33,33,33,33,33,33,33,54,54,54,54,54,54,54,54,54,54,54,54,54,54,54,54,44,44,44,44,44,44,44,44,44,44,44,44,44,44,44,44,36,36,36,36,36,36,36,36,36,36,36,36,36,36,36,36,33,33,33,33,33,33,33,33,33,33,33,33,33,33,33,33,
(5- 1),46,46,46,46,46,46,46,46,46,46,46,46,46,46,46,46,29,29,29,29,29,29,29,29,29,29,29,29,29,29,29,29,42,42,42,42,42,42,42,42,42,42,42,42,42,42,42,42,24,24,24,24,24,24,24,24,24,24,24,24,24,24,24,24,46,46,46,46,46,46,46,46,46,46,46,46,46,46,46,46,29,29,29,29,29,29,29,29,29,29,29,29,29,29,29,29,42,42,42,42,42,42,42,42,42,42,42,42,42,42,42,42,24,24,24,24,24,24,24,24,24,24,24,24,24,24,24,24,
(5- 2),41,41,41,41,41,41,41,41,41,41,41,41,41,41,41,41,36,36,36,36,36,36,36,36,36,36,36,36,36,36,36,36,36,36,36,36,36,36,36,36,36,36,36,36,36,36,36,36,37,37,37,37,37,37,37,37,37,37,37,37,37,37,37,37,41,41,41,41,41,41,41,41,41,41,41,41,41,41,41,41,36,36,36,36,36,36,36,36,36,36,36,36,36,36,36,36,36,36,36,36,36,36,36,36,36,36,36,36,36,36,36,36,37,37,37,37,37,37,37,37,37,37,37,37,37,37,37,37,
(5- 3),44,44,44,44,44,44,44,44,44,44,44,44,44,44,44,44,42,42,42,42,42,42,42,42,42,42,42,42,42,42,42,42,43,43,43,43,43,43,43,43,43,43,43,43,43,43,43,43,45,45,45,45,45,45,45,45,45,45,45,45,45,45,45,45,44,44,44,44,44,44,44,44,44,44,44,44,44,44,44,44,42,42,42,42,42,42,42,42,42,42,42,42,42,42,42,42,43,43,43,43,43,43,43,43,43,43,43,43,43,43,43,43,45,45,45,45,45,45,45,45,45,45,45,45,45,45,45,45,
(5- 4),46,46,46,46,46,46,46,46,46,46,46,46,46,46,46,46,42,42,42,42,42,42,42,42,42,42,42,42,42,42,42,42,44,44,44,44,44,44,44,44,44,44,44,44,44,44,44,44,49,49,49,49,49,49,49,49,49,49,49,49,49,49,49,49,46,46,46,46,46,46,46,46,46,46,46,46,46,46,46,46,42,42,42,42,42,42,42,42,42,42,42,42,42,42,42,42,44,44,44,44,44,44,44,44,44,44,44,44,44,44,44,44,49,49,49,49,49,49,49,49,49,49,49,49,49,49,49,49,
(5- 5),40,40,40,40,40,40,40,40,40,40,40,40,40,40,40,40,37,37,37,37,37,37,37,37,37,37,37,37,37,37,37,37,39,39,39,39,39,39,39,39,39,39,39,39,39,39,39,39,41,41,41,41,41,41,41,41,41,41,41,41,41,41,41,41,40,40,40,40,40,40,40,40,40,40,40,40,40,40,40,40,37,37,37,37,37,37,37,37,37,37,37,37,37,37,37,37,39,39,39,39,39,39,39,39,39,39,39,39,39,39,39,39,41,41,41,41,41,41,41,41,41,41,41,41,41,41,41,41,
(5- 6),31,31,31,31,31,31,31,31,31,31,31,31,31,31,31,31,43,43,43,43,43,43,43,43,43,43,43,43,43,43,43,43,31,31,31,31,31,31,31,31,31,31,31,31,31,31,31,31,33,33,33,33,33,33,33,33,33,33,33,33,33,33,33,33,31,31,31,31,31,31,31,31,31,31,31,31,31,31,31,31,43,43,43,43,43,43,43,43,43,43,43,43,43,43,43,43,31,31,31,31,31,31,31,31,31,31,31,31,31,31,31,31,33,33,33,33,33,33,33,33,33,33,33,33,33,33,33,33,
(5- 7),38,38,38,38,38,38,38,38,38,38,38,38,38,38,38,38,50,50,50,50,50,50,50,50,50,50,50,50,50,50,50,50,35,35,35,35,35,35,35,35,35,35,35,35,35,35,35,35,49,49,49,49,49,49,49,49,49,49,49,49,49,49,49,49,38,38,38,38,38,38,38,38,38,38,38,38,38,38,38,38,50,50,50,50,50,50,50,50,50,50,50,50,50,50,50,50,35,35,35,35,35,35,35,35,35,35,35,35,35,35,35,35,49,49,49,49,49,49,49,49,49,49,49,49,49,49,49,49,
(6- 0),54,54,54,54,54,54,54,54,54,54,54,54,54,54,54,54,44,44,44,44,44,44,44,44,44,44,44,44,44,44,44,44,36,36,36,36,36,36,36,36,36,36,36,36,36,36,36,36,33,33,33,33,33,33,33,33,33,33,33,33,33,33,33,33,54,54,54,54,54,54,54,54,54,54,54,54,54,54,54,54,44,44,44,44,44,44,44,44,44,44,44,44,44,44,44,44,36,36,36,36,36,36,36,36,36,36,36,36,36,36,36,36,33,33,33,33,33,33,33,33,33,33,33,33,33,33,33,33,
(6- 1),46,46,46,46,46,46,46,46,46,46,46,46,46,46,46,46,29,29,29,29,29,29,29,29,29,29,29,29,29,29,29,29,42,42,42,42,42,42,42,42,42,42,42,42,42,42,42,42,24,24,24,24,24,24,24,24,24,24,24,24,24,24,24,24,46,46,46,46,46,46,46,46,46,46,46,46,46,46,46,46,29,29,29,29,29,29,29,29,29,29,29,29,29,29,29,29,42,42,42,42,42,42,42,42,42,42,42,42,42,42,42,42,24,24,24,24,24,24,24,24,24,24,24,24,24,24,24,24,
(6- 2),41,41,41,41,41,41,41,41,41,41,41,41,41,41,41,41,36,36,36,36,36,36,36,36,36,36,36,36,36,36,36,36,36,36,36,36,36,36,36,36,36,36,36,36,36,36,36,36,37,37,37,37,37,37,37,37,37,37,37,37,37,37,37,37,41,41,41,41,41,41,41,41,41,41,41,41,41,41,41,41,36,36,36,36,36,36,36,36,36,36,36,36,36,36,36,36,36,36,36,36,36,36,36,36,36,36,36,36,36,36,36,36,37,37,37,37,37,37,37,37,37,37,37,37,37,37,37,37,
(6- 3),44,44,44,44,44,44,44,44,44,44,44,44,44,44,44,44,42,42,42,42,42,42,42,42,42,42,42,42,42,42,42,42,43,43,43,43,43,43,43,43,43,43,43,43,43,43,43,43,45,45,45,45,45,45,45,45,45,45,45,45,45,45,45,45,44,44,44,44,44,44,44,44,44,44,44,44,44,44,44,44,42,42,42,42,42,42,42,42,42,42,42,42,42,42,42,42,43,43,43,43,43,43,43,43,43,43,43,43,43,43,43,43,45,45,45,45,45,45,45,45,45,45,45,45,45,45,45,45,
(6- 4),46,46,46,46,46,46,46,46,46,46,46,46,46,46,46,46,42,42,42,42,42,42,42,42,42,42,42,42,42,42,42,42,44,44,44,44,44,44,44,44,44,44,44,44,44,44,44,44,49,49,49,49,49,49,49,49,49,49,49,49,49,49,49,49,46,46,46,46,46,46,46,46,46,46,46,46,46,46,46,46,42,42,42,42,42,42,42,42,42,42,42,42,42,42,42,42,44,44,44,44,44,44,44,44,44,44,44,44,44,44,44,44,49,49,49,49,49,49,49,49,49,49,49,49,49,49,49,49,
(6- 5),40,40,40,40,40,40,40,40,40,40,40,40,40,40,40,40,37,37,37,37,37,37,37,37,37,37,37,37,37,37,37,37,39,39,39,39,39,39,39,39,39,39,39,39,39,39,39,39,41,41,41,41,41,41,41,41,41,41,41,41,41,41,41,41,40,40,40,40,40,40,40,40,40,40,40,40,40,40,40,40,37,37,37,37,37,37,37,37,37,37,37,37,37,37,37,37,39,39,39,39,39,39,39,39,39,39,39,39,39,39,39,39,41,41,41,41,41,41,41,41,41,41,41,41,41,41,41,41,
(6- 6),31,31,31,31,31,31,31,31,31,31,31,31,31,31,31,31,43,43,43,43,43,43,43,43,43,43,43,43,43,43,43,43,31,31,31,31,31,31,31,31,31,31,31,31,31,31,31,31,33,33,33,33,33,33,33,33,33,33,33,33,33,33,33,33,31,31,31,31,31,31,31,31,31,31,31,31,31,31,31,31,43,43,43,43,43,43,43,43,43,43,43,43,43,43,43,43,31,31,31,31,31,31,31,31,31,31,31,31,31,31,31,31,33,33,33,33,33,33,33,33,33,33,33,33,33,33,33,33,
(6- 7),38,38,38,38,38,38,38,38,38,38,38,38,38,38,38,38,50,50,50,50,50,50,50,50,50,50,50,50,50,50,50,50,35,35,35,35,35,35,35,35,35,35,35,35,35,35,35,35,49,49,49,49,49,49,49,49,49,49,49,49,49,49,49,49,38,38,38,38,38,38,38,38,38,38,38,38,38,38,38,38,50,50,50,50,50,50,50,50,50,50,50,50,50,50,50,50,35,35,35,35,35,35,35,35,35,35,35,35,35,35,35,35,49,49,49,49,49,49,49,49,49,49,49,49,49,49,49,49,
(7- 0),54,54,54,54,54,54,54,54,54,54,54,54,54,54,54,54,44,44,44,44,44,44,44,44,44,44,44,44,44,44,44,44,36,36,36,36,36,36,36,36,36,36,36,36,36,36,36,36,33,33,33,33,33,33,33,33,33,33,33,33,33,33,33,33,54,54,54,54,54,54,54,54,54,54,54,54,54,54,54,54,44,44,44,44,44,44,44,44,44,44,44,44,44,44,44,44,36,36,36,36,36,36,36,36,36,36,36,36,36,36,36,36,33,33,33,33,33,33,33,33,33,33,33,33,33,33,33,33,
(7- 1),46,46,46,46,46,46,46,46,46,46,46,46,46,46,46,46,29,29,29,29,29,29,29,29,29,29,29,29,29,29,29,29,42,42,42,42,42,42,42,42,42,42,42,42,42,42,42,42,24,24,24,24,24,24,24,24,24,24,24,24,24,24,24,24,46,46,46,46,46,46,46,46,46,46,46,46,46,46,46,46,29,29,29,29,29,29,29,29,29,29,29,29,29,29,29,29,42,42,42,42,42,42,42,42,42,42,42,42,42,42,42,42,24,24,24,24,24,24,24,24,24,24,24,24,24,24,24,24,
(7- 2),41,41,41,41,41,41,41,41,41,41,41,41,41,41,41,41,36,36,36,36,36,36,36,36,36,36,36,36,36,36,36,36,36,36,36,36,36,36,36,36,36,36,36,36,36,36,36,36,37,37,37,37,37,37,37,37,37,37,37,37,37,37,37,37,41,41,41,41,41,41,41,41,41,41,41,41,41,41,41,41,36,36,36,36,36,36,36,36,36,36,36,36,36,36,36,36,36,36,36,36,36,36,36,36,36,36,36,36,36,36,36,36,37,37,37,37,37,37,37,37,37,37,37,37,37,37,37,37,
(7- 3),44,44,44,44,44,44,44,44,44,44,44,44,44,44,44,44,42,42,42,42,42,42,42,42,42,42,42,42,42,42,42,42,43,43,43,43,43,43,43,43,43,43,43,43,43,43,43,43,45,45,45,45,45,45,45,45,45,45,45,45,45,45,45,45,44,44,44,44,44,44,44,44,44,44,44,44,44,44,44,44,42,42,42,42,42,42,42,42,42,42,42,42,42,42,42,42,43,43,43,43,43,43,43,43,43,43,43,43,43,43,43,43,45,45,45,45,45,45,45,45,45,45,45,45,45,45,45,45,
(7- 4),46,46,46,46,46,46,46,46,46,46,46,46,46,46,46,46,42,42,42,42,42,42,42,42,42,42,42,42,42,42,42,42,44,44,44,44,44,44,44,44,44,44,44,44,44,44,44,44,49,49,49,49,49,49,49,49,49,49,49,49,49,49,49,49,46,46,46,46,46,46,46,46,46,46,46,46,46,46,46,46,42,42,42,42,42,42,42,42,42,42,42,42,42,42,42,42,44,44,44,44,44,44,44,44,44,44,44,44,44,44,44,44,49,49,49,49,49,49,49,49,49,49,49,49,49,49,49,49,
(7- 5),40,40,40,40,40,40,40,40,40,40,40,40,40,40,40,40,37,37,37,37,37,37,37,37,37,37,37,37,37,37,37,37,39,39,39,39,39,39,39,39,39,39,39,39,39,39,39,39,41,41,41,41,41,41,41,41,41,41,41,41,41,41,41,41,40,40,40,40,40,40,40,40,40,40,40,40,40,40,40,40,37,37,37,37,37,37,37,37,37,37,37,37,37,37,37,37,39,39,39,39,39,39,39,39,39,39,39,39,39,39,39,39,41,41,41,41,41,41,41,41,41,41,41,41,41,41,41,41,
(7- 6),31,31,31,31,31,31,31,31,31,31,31,31,31,31,31,31,43,43,43,43,43,43,43,43,43,43,43,43,43,43,43,43,31,31,31,31,31,31,31,31,31,31,31,31,31,31,31,31,33,33,33,33,33,33,33,33,33,33,33,33,33,33,33,33,31,31,31,31,31,31,31,31,31,31,31,31,31,31,31,31,43,43,43,43,43,43,43,43,43,43,43,43,43,43,43,43,31,31,31,31,31,31,31,31,31,31,31,31,31,31,31,31,33,33,33,33,33,33,33,33,33,33,33,33,33,33,33,33,
(7- 7),38,38,38,38,38,38,38,38,38,38,38,38,38,38,38,38,50,50,50,50,50,50,50,50,50,50,50,50,50,50,50,50,35,35,35,35,35,35,35,35,35,35,35,35,35,35,35,35,49,49,49,49,49,49,49,49,49,49,49,49,49,49,49,49,38,38,38,38,38,38,38,38,38,38,38,38,38,38,38,38,50,50,50,50,50,50,50,50,50,50,50,50,50,50,50,50,35,35,35,35,35,35,35,35,35,35,35,35,35,35,35,35,49,49,49,49,49,49,49,49,49,49,49,49,49,49,49,49,
